Name,Age,Height,Events
PablitoMix0,20,1.7,Pal Norte | Tomorrowland | Coachella
PablitoMix1,21,1.71,Pal Norte | Tomorrowland | Coachella
PablitoMix2,22,1.72,Pal Norte | Tomorrowland | Coachella
PablitoMix3,23,1.73,Pal Norte | Tomorrowland | Coachella
PablitoMix4,24,1.74,Pal Norte | Tomorrowland | Coachella
PablitoMix5,25,1.75,Pal Norte | Tomorrowland | Coachella
PablitoMix6,26,1.76,Pal Norte | Tomorrowland | Coachella
PablitoMix7,27,1.77,Pal Norte | Tomorrowland | Coachella
PablitoMix8,28,1.78,Pal Norte | Tomorrowland | Coachella
PablitoMix9,29,1.79,Pal Norte | Tomorrowland | Coachella
